{"cameraMode":{"drawMode":0,"name":"Shaded","section":"Shading Mode"},"sceneLighting":false,"audioPlay":false,"sceneViewState":{"m_AlwaysRefresh":false,"showFog":true,"showSkybox":true,"showFlares":true,"showImageEffects":true,"showParticleSystems":true,"showVisualEffectGraphs":true,"m_FxEnabled":true},"in2DMode":false,"pivot":{"x":-0.7572662830352783,"y":0.586388111114502,"z":4.145277976989746},"rotation":{"x":0.10414902120828629,"y":-0.11135264486074448,"z":0.011733323335647583,"w":0.9882475733757019},"size":3.4159162044525148,"orthographic":false}