{"cameraMode":{"drawMode":0,"name":"Shaded","section":"Shading Mode"},"sceneLighting":false,"audioPlay":false,"sceneViewState":{"m_AlwaysRefresh":false,"showFog":true,"showSkybox":true,"showFlares":true,"showImageEffects":true,"showParticleSystems":true,"showVisualEffectGraphs":true,"m_FxEnabled":true},"in2DMode":false,"pivot":{"x":0.2941970229148865,"y":0.33393439650535586,"z":19.938861846923829},"rotation":{"x":-0.10660205036401749,"y":0.00954266358166933,"z":-0.0010231330525130034,"w":-0.9942578077316284},"size":4.7767133712768559,"orthographic":false}