{"cameraMode":{"drawMode":0,"name":"Shaded","section":"Shading Mode"},"sceneLighting":false,"audioPlay":false,"sceneViewState":{"m_AlwaysRefresh":false,"showFog":true,"showSkybox":true,"showFlares":true,"showImageEffects":true,"showParticleSystems":true,"showVisualEffectGraphs":true,"m_FxEnabled":true},"in2DMode":false,"pivot":{"x":-1.3401142358779908,"y":2.8214569091796877,"z":1.884028434753418},"rotation":{"x":0.0013581380480900407,"y":-0.9891369342803955,"z":0.1467749923467636,"w":0.009190937504172326},"size":3.935030698776245,"orthographic":false}